campaign,adset,ad_name,spend,impressions,clicks,link_clicks,lpv,atc,purchases,revenue,roas,cpa,ctr,cvr_click2buy
생애 첫 구매 붓기_캠페인,생애 첫 구매_세트,젠제네틱스_붓기부스터_가격 포_구매,32803452,1681032,25194,24157,147949,2972,1158,27544784,0.84,28328,0.0144,0.0479
브랜딩_캠페인,브랜딩_세트,250909_브랜딩_앉아서 기억해,1173330,385547,6518,6259,4246,5,4,338900,0.289,293332,0.0162,0.0006
브랜딩_캠페인,브랜딩_세트,250922_브랜딩_설인아 붓기관리,28546,6436,152,153,99,0,0,0,0.0,,0.0238,0.0
트래픽_캠페인,트래픽_세트,250926_붓기부스터_PA suexsoo_트래픽,1040242,210923,10016,3625,17068,6,2,35000,0.034,520121,0.0172,0.0006
브랜딩_캠페인,브랜딩_세트,251014_브랜딩_설인아 인터뷰1,3902528,825340,29153,28544,96666,5,1,38400,0.01,3902528,0.0346,0.0
브랜딩_캠페인,브랜딩_세트,251014_브랜딩_설인아 인터뷰2,96950,13753,606,438,397,0,0,0,0.0,,0.0318,0.0
붓기부스터_캠페인,붓기부스터_세트,251017_붓기부스터_붓기가 쏙 빠짐,509263,9359,98,90,85,14,5,491690,0.965,101853,0.0096,0.0556
트래픽_캠페인,트래픽_세트,250926_붓기부스터_PA sophi__ay_트래픽 - 사본,10,3,0,0,0,0,0,0,0.0,,0.0,
트래픽_캠페인,트래픽_세트,251229_붓기부스터_PA paniikim_트래픽,5460008,581269,45223,33885,160096,3,2,79400,0.015,2730004,0.0583,0.0001
251128_캠페인,251128_세트,251231_붓기 더이상 미루지 않기,7218384,110517,1360,1281,1899,159,57,5667510,0.785,126638,0.0116,0.0445
251128_캠페인,251128_세트,251231_붓기 쏟아져,562062,8904,58,52,618,4,3,446000,0.794,187354,0.0058,0.0577
붓기파우더_캠페인,붓기파우더_세트,260105_붓기파우더_유산소3시간 체크박스,3371088,133509,1828,1735,9347,73,41,2971734,0.882,82222,0.013,0.0236
붓기부스터_캠페인,붓기부스터_세트,260105_붓기부스터_유산소 5시간 체크박스,16902469,358972,5513,5243,20009,291,145,18557028,1.098,116569,0.0146,0.0277
붓기파우더_캠페인,붓기파우더_세트,260108_이쁜얼굴ai 누적리뷰,2715977,53226,444,425,1006,44,26,2120237,0.781,104461,0.008,0.0612
매거진 구매_캠페인,매거진 구매_세트,260108_매거진 칼륨_유산소vs칼륨 뚱냥이,25245478,709828,12756,12193,43362,719,400,25781903,1.021,63114,0.0172,0.0328
마그네슘_캠페인,운동타겟 생애 첫 구매_세트,260113_운동_냉수마찰 60분,1004810,26035,366,342,856,21,8,597120,0.594,125601,0.0131,0.0234
붓기파우더_캠페인,붓기파우더_세트,260121_붓기파우더_포가루롤링,4069289,99423,1239,1169,3420,94,54,3711934,0.912,75357,0.0118,0.0462
붓기파우더_캠페인,붓기파우더_세트,260126_붓기파우더_홈쇼핑 효과,265676,3499,79,80,69,5,5,491510,1.85,53135,0.0229,0.0625
생애 첫 구매 붓기_캠페인,생애 첫 구매_세트,260127_칼륨 생애 첫_나트륨빠져야~,466949,17608,387,383,641,53,21,431900,0.925,22236,0.0218,0.0548
생애 첫 구매 붓기_캠페인,생애 첫 구매_세트,260128_칼륨 생애 첫_나트륨빠져야 붓기빠지죠,291707,10904,174,172,959,29,12,217400,0.745,24309,0.0158,0.0698
붓기부스터_캠페인,붓기부스터_세트,260130_붓기부스터_햄찌ver.2 운동,42713,2217,24,15,13,0,0,0,0.0,,0.0068,0.0
브랜딩_캠페인,브랜딩_세트,250907_브랜딩_서서 기억해 - 사본,407878,72899,1854,1836,1643,0,0,0,0.0,,0.0252,0.0
증대기여_캠페인,증대기여_세트,260211_증대_붓부_유산소 5시간 체크박스,620344,14105,326,330,737,15,7,764138,1.232,88621,0.0234,0.0212
증대기여_캠페인,증대기여_세트,260211_증대_붓파_이쁜얼굴ai 누적리뷰,54094,1650,20,22,488,1,1,37101,0.686,54094,0.0133,0.0455
증대기여_캠페인,증대기여_세트,260211_증대_붓파_유산소vs칼륨 뚱냥이,3190492,58238,1675,1824,2367,65,44,3076024,0.964,72511,0.0313,0.0241
증대기여_캠페인,증대기여_세트,260211_증대_붓파_홈쇼핑 효과,228898,3498,118,135,99,2,0,0,0.0,,0.0386,0.0
251128_캠페인,251128_세트,260220_붓파_리뷰 사기템,571040,7169,77,73,69,5,1,68000,0.119,571040,0.0102,0.0137
붓기파우더_캠페인,붓기파우더_세트,260223_붓기파우더_체크박스 붓기완벽차단,6506107,223962,2067,1905,5486,99,62,4586000,0.705,104937,0.0085,0.0325
올영세일_캠페인,올영세일_세트,260302_칼륨 본품_박스2개,120905,3298,55,54,3,2,1,104000,0.86,120905,0.0164,0.0185
올영세일_캠페인,올영세일_세트,260302_칼륨 본품_가루 파묻,97078,3032,35,35,0,1,1,43800,0.451,97078,0.0115,0.0286
올영세일_캠페인,올영세일_세트,260302_칼륨 데이팩_가루 파묻,8555,270,5,5,0,0,0,0,0.0,,0.0185,0.0
올영세일_캠페인,올영세일_세트,260302_칼륨 데이팩_박스2개,729781,21634,366,349,12,22,10,1084840,1.487,72978,0.0161,0.0287
올영세일_캠페인,올영세일_세트,260302_비컴 본품_박스2개,27741,648,13,13,2,0,0,0,0.0,,0.0201,0.0
올영세일_캠페인,올영세일_세트,260302_비컴 본품_가루 파묻,71256,1571,15,13,1,0,1,12400,0.174,71256,0.0083,0.0769
올영세일_캠페인,올영세일_세트,260302_비컴 데이팩_가루 파묻,28520,877,8,7,0,1,0,0,0.0,,0.008,0.0
올영세일_캠페인,올영세일_세트,260302_비컴 데이팩_박스 손,5284,173,0,0,0,0,0,0,0.0,,0.0,
올영세일_캠페인,올영세일_세트,260302_마그 본품_박스2개,30246,546,3,4,0,0,0,0,0.0,,0.0073,0.0
올영세일_캠페인,올영세일_세트,260302_마그 본품_가루 파묻,29105,787,7,7,0,0,0,0,0.0,,0.0089,0.0
올영세일_캠페인,올영세일_세트,260302_마그 데이팩_가루 파묻,9895,283,4,4,0,0,0,0,0.0,,0.0141,0.0
올영세일_캠페인,올영세일_세트,260302_마그 데이팩_박스 파랑,38808,1399,15,16,0,0,0,0,0.0,,0.0114,0.0
올영세일_캠페인,올영세일_세트,260302_칼륨 데이팩_박스 모임,16704,566,4,4,1,0,0,0,0.0,,0.0071,0.0
올영세일_캠페인,올영세일_세트,260302_칼륨 데이팩_설인아 선글라스,9280,242,2,1,0,2,1,56440,6.082,9280,0.0041,1.0
올영세일_캠페인,올영세일_세트,260302_칼륨 데이팩_설인아 포,6491,151,3,3,0,1,1,224930,34.653,6491,0.0199,0.3333
올영세일_캠페인,올영세일_세트,260302_칼륨 데이팩_설인아 박스,4290,165,2,1,0,0,0,0,0.0,,0.0061,0.0
올영세일_캠페인,올영세일_세트,260302_칼륨 데이팩_설인아 포2개,6222,141,3,2,0,0,0,0,0.0,,0.0142,0.0
올영세일_캠페인,올영세일_세트,260302_칼륨 본품_박스 모임,39426,1320,11,11,1,1,1,28100,0.713,39426,0.0083,0.0909
올영세일_캠페인,올영세일_세트,260302_칼륨 본품_설인아 선글라스,1445,70,1,1,0,0,0,0,0.0,,0.0143,0.0
올영세일_캠페인,올영세일_세트,260302_칼륨 본품_설인아 포,14916,411,6,6,0,0,0,0,0.0,,0.0146,0.0
올영세일_캠페인,올영세일_세트,260302_칼륨 본품_설인아 포2개,11112,376,1,1,0,0,0,0,0.0,,0.0027,0.0
올영세일_캠페인,올영세일_세트,260302_칼륨 본품_설인아 박스,6782,267,6,6,0,0,0,0,0.0,,0.0225,0.0
붓기부스터_캠페인,붓기부스터_세트,260227_붓기부스터_카트라이더,158286,2328,30,27,23,2,1,230000,1.453,158286,0.0116,0.037
붓기파우더_캠페인,붓기파우더_세트,260227_붓기파우더_아직도 운동해?,6915,139,4,4,4,0,0,0,0.0,,0.0288,0.0
붓기파우더_캠페인,붓기파우더_세트,260227_붓기파우더_플라시보,4552,83,1,1,1,0,0,0,0.0,,0.012,0.0
붓기파우더_캠페인,붓기파우더_세트,260227_붓기파우더_과대광고,49398,1172,19,19,19,0,0,0,0.0,,0.0162,0.0
브랜딩_캠페인,브랜딩_세트,260227_브랜딩_속이편한 설인아,4402114,1344123,33262,32942,129099,7,2,281320,0.064,2201057,0.0245,0.0001
붓기파우더_캠페인,붓기파우더_세트,260303_붓기파우더_붓기차단메커니즘,81874,2287,12,11,461,0,0,0,0.0,,0.0048,0.0
붓기파우더_캠페인,붓기파우더_세트,260303_붓기파우더_붓기원천봉쇄,1110336,29782,289,270,451,15,10,796600,0.717,111034,0.0091,0.037
붓기파우더_캠페인,붓기파우더_세트,260303_붓기파우더_붓기원천컨트롤,120844,2517,19,19,15,0,0,0,0.0,,0.0075,0.0
브랜딩_캠페인,브랜딩_세트,250907_브랜딩_미스테리 숏버전,2244,423,25,23,14,0,0,0,0.0,,0.0544,0.0
매거진 구매_캠페인,매거진 구매_세트,260304_릴스 칼륨_사형수,805884,12432,429,408,371,12,6,509800,0.633,134314,0.0328,0.0147
증대기여_캠페인,증대기여_세트,260211_증대_붓파_포가루롤링,2017565,43072,634,588,1320,30,16,1253827,0.621,126098,0.0137,0.0272
증대기여_캠페인,증대기여_세트,260211_증대_붓부_햄찌ver.2 운동,111,5,1,1,1,0,0,0,0.0,,0.2,0.0
251128_캠페인,251128_세트,260220_붓부_리뷰 최저가,496131,7952,78,72,64,8,2,208000,0.419,248066,0.0091,0.0278
마그네슘_캠페인,운동타겟 생애 첫 구매_세트,260305_운동_천연스테로이드,240911,6213,129,124,219,0,0,0,0.0,,0.02,0.0
붓기파우더_캠페인,붓기파우더_세트,251103_붓기파우더_없으면 불안,1559697,39346,337,314,1191,25,14,1186200,0.761,111407,0.008,0.0446
매거진 구매_캠페인,매거진 구매_세트,251124_매거진 칼륨_나트륨 배출,17176248,758999,10419,9899,36925,398,264,16285971,0.948,65062,0.013,0.0267
251128_캠페인,251128_세트,251128_붓기제거정석,1690912,25022,264,252,200,25,14,1670910,0.988,120779,0.0101,0.0556
붓기부스터_캠페인,붓기부스터_세트,251204_붓기부스터_포 아파트,1859839,36570,404,373,387,29,15,1880167,1.011,123989,0.0102,0.0402
매거진 구매_캠페인,매거진 구매_세트,260306_릴스 칼륨_애플 원천봉쇄,5067,179,1,1,1,0,0,0,0.0,,0.0056,0.0
매거진 구매_캠페인,매거진 구매_세트,260306_릴스 칼륨_애플 빠른붓기,9128,329,1,1,1,0,0,0,0.0,,0.003,0.0
251128_캠페인,251128_세트,251128_이것저것 다해봤다면,617871,9455,98,93,575,11,4,675400,1.093,154468,0.0098,0.043
매거진 구매_캠페인,매거진 구매_세트,260306_릴스 칼륨_애플 확실하게,21547,843,7,4,4,0,0,0,0.0,,0.0047,0.0
리타게팅_캠페인,리타게팅_세트,260306_리타게팅_신문,88251,1686,23,21,20,0,0,0,0.0,,0.0125,0.0
리타게팅_캠페인,리타게팅_세트,260306_리타게팅_반값특가,372019,7124,57,52,46,1,0,0,0.0,,0.0073,0.0
리타게팅_캠페인,리타게팅_세트,260306_리타게팅_설인아,146349,2434,28,26,23,1,0,0,0.0,,0.0107,0.0
브랜딩_캠페인,브랜딩_세트,251001_브랜딩_설인아 인스타그램,79858,20860,670,664,437,1,0,0,0.0,,0.0318,0.0
매거진 구매_캠페인,매거진 구매_세트,260306_릴스 붓부_애플 재구매1위,1236,54,1,0,0,0,0,0,0.0,,0.0,
붓기파우더_캠페인,붓기파우더_세트,250924_붓기파우더_나트륨배출_구매,530490,16157,125,122,329,18,6,841910,1.587,88415,0.0076,0.0492
트래픽_캠페인,트래픽_세트,250926_붓기부스터_PA wooinee_트래픽,6799645,624372,45427,33076,232050,8,5,239500,0.035,1359929,0.053,0.0002
매거진 구매_캠페인,매거진 구매_세트,260312_붓기 없음 이슈,85939,1026,28,23,171,2,1,68000,0.791,85939,0.0224,0.0435
매거진 구매_캠페인,매거진 구매_세트,260312_속이 편한 영양제,68336,1065,16,11,67,1,1,170000,2.488,68336,0.0103,0.0909
트래픽_캠페인,트래픽_세트,260312_선고,505890,66380,5454,5028,4031,2,0,0,0.0,,0.0757,0.0
올영 리뷰이벤트_캠페인,올영 리뷰이벤트_세트,260313_리뷰이벤트_유산소3시간효과,226392,9729,75,71,6,0,1,149000,0.658,226392,0.0073,0.0141
올영 리뷰이벤트_캠페인,올영 리뷰이벤트_세트,260313_리뷰이벤트_붓기 원인제거ai,61974,2655,20,15,1,0,0,0,0.0,,0.0056,0.0
올영 리뷰이벤트_캠페인,올영 리뷰이벤트_세트,260313_리뷰이벤트_설인아,212309,8022,86,70,0,0,0,0,0.0,,0.0087,0.0
올영 리뷰이벤트_캠페인,올영 리뷰이벤트_세트,260313_리뷰이벤트_붓기사기템,262888,8836,65,59,0,0,0,0,0.0,,0.0067,0.0
251128_캠페인,251128_세트,260313_ai리뷰,483785,3679,71,66,55,2,0,0,0.0,,0.0179,0.0
올영 리뷰이벤트_캠페인,올영 리뷰이벤트_세트,260313_올영리뷰PA_huhsuzi,525324,14615,209,92,1,11,0,0,0.0,,0.0063,0.0
251128_캠페인,251128_세트,260313_릴스 칼륨_애플 확실하게ver2,1243286,15446,105,97,89,15,9,981300,0.789,138143,0.0063,0.0928
붓기부스터_캠페인,붓기부스터_세트,260313_릴스 붓부_애플 재구매1위ver2,169173,5169,21,15,15,0,0,0,0.0,,0.0029,0.0
증대기여_캠페인,증대기여_세트,260313_릴스 칼륨_애플 리뷰ver2,38971,2584,12,10,8,0,0,0,0.0,,0.0039,0.0
251128_캠페인,251128_세트,260313_릴스 칼륨_애플 원천 봉쇄ver2,1610024,21819,184,167,661,27,13,1701170,1.057,123848,0.0077,0.0778
증대기여_캠페인,증대기여_세트,260316_증대_붓부_설인아 신속,1783714,27742,321,290,1693,19,17,1943472,1.09,104924,0.0105,0.0586
251128_캠페인,251128_세트,260316_칼륨_짠음식 먹고,608271,9197,53,52,47,10,5,446070,0.733,121654,0.0057,0.0962
매거진 구매_캠페인,매거진 구매_세트,260316_릴스 칼륨_붓기제거공식,104422,1977,11,13,12,3,1,37400,0.358,104422,0.0066,0.0769
매거진 구매_캠페인,매거진 구매_세트,260316_릴스 칼륨_태국광고,189274,3734,71,68,58,3,2,171000,0.903,94637,0.0182,0.0294
증대기여_캠페인,증대기여_세트,260316_증대_붓부_압도적붓기제거,247685,5961,59,57,50,3,2,281728,1.137,123842,0.0096,0.0351
매거진 구매_캠페인,매거진 구매_세트,260316_릴스 칼륨_빠른 붓기제거,92276,1510,11,9,6,0,0,0,0.0,,0.006,0.0
매거진 구매_캠페인,매거진 구매_세트,260316_릴스 칼륨_설인아 플랫폼,549838,10108,54,52,42,7,5,357200,0.65,109968,0.0051,0.0962
붓기부스터_캠페인,붓기부스터_세트,260317_붓기부스터_환절기 AI,68251,2002,18,12,8,0,0,0,0.0,,0.006,0.0
251128_캠페인,251128_세트,260317_릴스 칼륨_유산소 AI,2284001,26454,535,510,1458,35,23,1942040,0.85,99304,0.0193,0.0451
251128_캠페인,251128_세트,260316_칼륨_야식 걱정? 나트륨cut,1667,29,0,0,0,0,0,0,0.0,,0.0,
매거진 구매_캠페인,매거진 구매_세트,260316_릴스 칼륨_이유가있다,760420,12837,85,79,72,10,8,717887,0.944,95052,0.0062,0.1013
251128_캠페인,251128_세트,260317_릴스 칼륨_훈남 리뷰AI,82262,1038,10,9,6,0,0,0,0.0,,0.0087,0.0
붓기파우더_캠페인,붓기파우더_세트,260318_붓기파우더_플랫폼 릴스,97228,1960,11,8,8,2,1,102000,1.049,97228,0.0041,0.125
붓기파우더_캠페인,붓기파우더_세트,260318_칼륨_아침붓기 주황,459033,10659,92,89,590,5,1,68000,0.148,459033,0.0083,0.0112
붓기파우더_캠페인,붓기파우더_세트,260318_칼륨_나트륨잡는칼륨,554739,11480,75,66,64,6,4,210800,0.38,138685,0.0057,0.0606
트래픽_캠페인,트래픽_세트,260318_붓기부스터_huhsuzi 편집 트래픽,752890,43786,2160,2108,13431,2,0,0,0.0,,0.0481,0.0
붓기부스터_캠페인,붓기부스터_세트,260318_붓기부스터_최적의조합,1792691,35074,218,197,398,7,3,362800,0.202,597564,0.0056,0.0152
붓기부스터_캠페인,붓기부스터_세트,260317_붓기부스터_유산소 5시간 릴스,384102,4740,63,59,53,4,1,104000,0.271,384102,0.0124,0.0169
251128_캠페인,251128_세트,260317_릴스 칼륨_유산소 실제,8887874,133399,1487,1457,3585,143,81,7617117,0.857,109727,0.0109,0.0556
260319_칼륨ver2_캠페인,260319_칼륨ver2_세트,260319_칼륨ver2_이쁜얼굴ai 누적리뷰,742187,14122,153,146,364,20,8,730600,0.984,92773,0.0103,0.0548
260319_칼륨ver2_캠페인,260319_칼륨ver2_세트,260319_칼륨ver2_붓기파우더_홈쇼핑 효과,81776,613,16,13,12,1,0,0,0.0,,0.0212,0.0
260319_칼륨ver2_캠페인,260319_칼륨ver2_세트,260319_칼륨ver2_포가루롤링,67274,1534,26,26,24,3,0,0,0.0,,0.0169,0.0
260319_칼륨ver2_캠페인,260319_칼륨ver2_세트,260319_칼륨ver2_유산소3시간 체크박스,14069795,386394,5847,5607,17586,398,200,12453337,0.885,70349,0.0145,0.0357
260319_붓부ver2_캠페인,260319_붓부ver2_세트,260319_붓부ver2_리뷰 붓기가 쏙 빠짐,245115,4579,41,38,31,3,1,104000,0.424,245115,0.0083,0.0263
260319_붓부ver2_캠페인,260319_붓부ver2_세트,260319_붓부ver2_부스터포 색상,93470,1773,17,18,16,0,0,0,0.0,,0.0102,0.0
260319_붓부ver2_캠페인,260319_붓부ver2_세트,260319_붓부ver2_햄찌ver.2 운동,59563,509,8,7,7,0,0,0,0.0,,0.0138,0.0
260319_붓부ver2_캠페인,260319_붓부ver2_세트,260319_붓부ver2_유산소 5시간 체크박스,1937633,36099,426,396,1387,18,10,1274440,0.658,193763,0.011,0.0253
260319_붓부ver2_캠페인,260319_붓부ver2_세트,260319_붓부ver2_1세트 할인율,84168,1331,16,15,162,0,0,0,0.0,,0.0113,0.0
매거진 구매_캠페인,매거진 구매_세트,260319_릴스 칼륨_박스 플랫폼,122283,3301,18,16,138,0,0,0,0.0,,0.0048,0.0
260319_큐텐재팬_캠페인,260319_큐텐재팬_세트,260319_큐텐재팬_3시간 유산소,61962,6112,80,69,0,0,0,0,0.0,,0.0113,0.0
260319_큐텐재팬_캠페인,260319_큐텐재팬_세트,260319_큐텐재팬_붓기완전제거,104891,7998,150,117,0,0,0,0,0.0,,0.0146,0.0
260319_큐텐재팬_캠페인,260319_큐텐재팬_세트,260319_큐텐재팬_예쁜 AI 리뷰,8322,730,5,6,0,0,0,0,0.0,,0.0082,0.0
260319_큐텐재팬_캠페인,260319_큐텐재팬_세트,260319_큐텐재팬_뚱냥이 매거진,8491,1174,15,12,0,0,0,0,0.0,,0.0102,0.0
매거진 구매_캠페인,매거진 구매_세트,260319_릴스 칼륨_가루트,483741,8007,126,116,758,10,2,217400,0.449,241870,0.0145,0.0172
매거진 구매_캠페인,매거진 구매_세트,260320_릴스 붓부_가루트ver.2,15193,352,3,3,3,0,0,0,0.0,,0.0085,0.0
매거진 구매_캠페인,매거진 구매_세트,260320_릴스 칼륨_가루트 잔혹,2177603,42932,421,380,1154,38,25,1893220,0.869,87104,0.0089,0.0658
증대기여_캠페인,증대기여_세트,260320_증대_칼륨_먹은만큼배출,1206376,19831,245,224,1908,18,9,713968,0.592,134042,0.0113,0.0402
매거진 구매_캠페인,매거진 구매_세트,260320_릴스 칼륨_가루트 잔혹ver.2,82362,1676,7,7,6,1,0,0,0.0,,0.0042,0.0
트래픽_캠페인,트래픽_세트,260323_칼륨_가루트 올영1등,252931,24378,1008,893,765,6,1,149000,0.589,252931,0.0366,0.0011
증대기여_캠페인,증대기여_세트,260323_증대_붓부_박스 ㄷ,50717,1008,10,9,10,1,0,0,0.0,,0.0089,0.0
260319_붓부ver2_캠페인,260319_붓부ver2_세트,260323_붓부ver2_Ai 붓기 아침,120782,2005,34,34,80,2,0,0,0.0,,0.017,0.0
260319_붓부ver2_캠페인,260319_붓부ver2_세트,260323_붓부ver2_좋다더니,171999,3063,18,17,87,0,0,0,0.0,,0.0056,0.0
251128_캠페인,251128_세트,260323_칼륨_어디꺼 먹어? 설인아,76924,599,10,9,513,9,0,0,0.0,,0.015,0.0
매거진 구매_캠페인,매거진 구매_세트,251201_매거진 붓부_운동해도안빠져,454187,12508,264,257,319,6,4,532300,1.172,113547,0.0205,0.0156
251128_캠페인,251128_세트,260323_칼륨_어디꺼 먹어?,5468163,75183,743,717,1314,85,53,5414137,0.99,103173,0.0095,0.0739
260324_일반기여_캠페인,260324_일반기여_세트,260316_증대_붓부_설인아 신속,134249,2726,35,30,139,0,0,0,0.0,,0.011,0.0
260324_일반기여_캠페인,260324_일반기여_세트,260211_증대_붓파_유산소vs칼륨 뚱냥이,73,7,0,0,0,0,0,0,0.0,,0.0,
260324_일반기여_캠페인,260324_일반기여_세트,260211_증대_붓파_이쁜얼굴ai 누적리뷰,5884306,140639,1394,1305,4522,134,84,5306017,0.902,70051,0.0093,0.0644
260324_일반기여_캠페인,260324_일반기여_세트,260211_증대_붓부_햄찌ver.2 운동,1945,44,2,2,1,0,0,0,0.0,,0.0455,0.0
마그네슘_캠페인,260324_마그네슘_세트,260324_마그네슘_근육회복,318917,7062,108,103,138,10,3,211400,0.663,106306,0.0146,0.0291
마그네슘_캠페인,260324_마그네슘_세트,260325_마그네슘_러닝 근육회복,60943,2047,24,23,18,2,0,0,0.0,,0.0112,0.0
260319_칼륨ver2_캠페인,260319_칼륨ver2_세트,260324_칼륨ver2_b&a,40644,628,7,8,7,0,0,0,0.0,,0.0127,0.0
260319_붓부ver2_캠페인,260319_붓부ver2_세트,260325_붓부ver2_깔끔 붓기제거,152782,3174,18,15,116,0,0,0,0.0,,0.0047,0.0
260319_붓부ver2_캠페인,260319_붓부ver2_세트,260325_붓부ver2_흰 종이,12600361,342547,2764,2567,8261,294,151,12865730,1.021,83446,0.0075,0.0588
260319_칼륨ver2_캠페인,260319_칼륨ver2_세트,260324_칼륨ver2_리셋 할인율,54841,1326,6,6,5,1,0,0,0.0,,0.0045,0.0
마그네슘_캠페인,260324_마그네슘_세트,260327_마그네슘_냉수마찰 60분,25723960,804562,15491,14438,43428,780,381,25682174,0.998,67517,0.0179,0.0264
260319_칼륨ver2_캠페인,260319_칼륨ver2_세트,260401_칼륨ver2_뷰티업계 새 용어 사람,301,8,0,0,0,0,0,0,0.0,,0.0,
260319_칼륨ver2_캠페인,260319_칼륨ver2_세트,260401_칼륨ver2_뷰티업계 새 용어 소금,152053,3509,71,66,571,0,0,0,0.0,,0.0188,0.0
251128_캠페인,251128_세트,260402_전체_외국 가장핫한 매거진,129270,2377,31,31,531,1,1,68000,0.526,129270,0.013,0.0323
251128_캠페인,251128_세트,260402_전체_지금 가장뜨는 매거진,438541,6456,117,115,104,3,4,167700,0.382,109635,0.0178,0.0348
260319_칼륨ver2_캠페인,260319_칼륨ver2_세트,260402_손 차가운 여성 릴스,38006,1093,23,23,19,2,0,0,0.0,,0.021,0.0
생애 첫 구매 붓기_캠페인,생애 첫 구매_세트,260403_칼륨 생애 첫_올영 1등 사람,52112,1254,57,58,50,4,2,24800,0.476,26056,0.0463,0.0345
생애 첫 구매 붓기_캠페인,생애 첫 구매_세트,260403_칼륨 생애 첫_올영 1등 포,2194732,104109,2024,1996,8723,235,90,1503058,0.685,24386,0.0192,0.0451
260319_칼륨ver2_캠페인,260319_칼륨ver2_세트,260319_칼륨ver2_전쟁,251776,6526,206,201,1472,13,7,928900,3.689,35968,0.0308,0.0348
260319_칼륨ver2_캠페인,260319_칼륨ver2_세트,260319_칼륨ver2_떡볶이,99227,2386,49,48,43,0,0,0,0.0,,0.0201,0.0
마그네슘_캠페인,260324_마그네슘_세트,260406_마그네슘_설인아 1등 미네랄,9881,298,3,3,3,0,0,0,0.0,,0.0101,0.0
260319_칼륨ver2_캠페인,260319_칼륨ver2_세트,260406_칼륨ver2_설인아 1등 붓기제거,13167,242,2,2,2,0,0,0,0.0,,0.0083,0.0
마그네슘_캠페인,260324_마그네슘_세트,260406_마그네슘_전쟁,140268,3252,87,83,83,3,1,245000,1.747,140268,0.0255,0.012
260319_붓부ver2_캠페인,260319_붓부ver2_세트,260406_붓부ver2_설인아 핑크,378140,11046,125,119,107,24,3,186000,0.492,126047,0.0108,0.0252
생애 첫 구매 마그네슘 전환값_캠페인,생애 첫 구매 마그네슘_세트,260114_생애첫 마그네슘_젖산제거 가격,9192739,245715,4026,3805,7618,379,152,10640915,1.158,60479,0.0155,0.0399
260319_붓부ver2_캠페인,260319_붓부ver2_세트,260408_붓부ver2_핑크,10712408,338000,3559,3367,15390,318,162,12189347,1.138,66126,0.01,0.0481
260319_붓부ver2_캠페인,260319_붓부ver2_세트,260408_붓부ver2_공홈 1,238004,4860,64,64,61,7,3,210300,0.884,79335,0.0132,0.0469
260319_칼륨ver2_캠페인,260319_칼륨ver2_세트,260408_칼륨ver2_자고일어나도,30711,730,13,13,13,0,0,0,0.0,,0.0178,0.0
260324_일반기여_캠페인,260324_일반기여_세트,260408_증대_붓파_가벼운아침 테이블,744994,18575,198,191,178,22,10,435934,0.585,74499,0.0103,0.0524
251128_캠페인,251128_세트,260408_칼륨_오특34%,11211610,189933,2202,2098,7908,300,148,14351216,1.28,75754,0.011,0.0705
260319_칼륨ver2_캠페인,260319_칼륨ver2_세트,260408_칼륨ver2_단하루 9일,229668,6367,115,114,241,5,3,184400,0.803,76556,0.0179,0.0263
생애 첫 구매 비컴_캠페인,생애 첫 구매 비컴_세트,260116_생애첫 비컴_피로회복 가격,413672,6871,61,57,46,6,3,197600,0.478,137891,0.0083,0.0526
생애 첫 구매 마그네슘 전환값_캠페인,생애 첫 구매 마그네슘_세트,260114_생애첫 마그네슘_근육회복 가격,6179852,182601,3464,3222,11447,375,123,5420941,0.877,50243,0.0176,0.0382
260324_일반기여_캠페인,260324_일반기여_세트,260211_증대_붓파_홈쇼핑 효과,914030,16075,347,319,1205,26,7,871800,0.954,130576,0.0198,0.0219
260324_일반기여_캠페인,260324_일반기여_세트,260211_증대_붓부_유산소 5시간 체크박스,8431687,236939,4505,4347,15597,343,138,9096150,1.079,61099,0.0183,0.0317
생애 첫 구매 마그네슘 전환값_캠페인,생애 첫 구매 마그네슘_세트,260415_생애첫 마그네슘_근육회복 보라,659927,15213,262,241,162,25,6,511000,0.774,109988,0.0158,0.0249
생애 첫 구매 비컴_캠페인,생애 첫 구매 비컴_세트,260416_생애첫 비컴_활력 핑크,431480,6387,50,34,29,2,2,116400,0.27,215740,0.0053,0.0588
생애 첫 구매 붓기_캠페인,생애 첫 구매_세트,250416_생애첫구매_순삭치트키,1014263,33993,503,487,1943,70,22,414467,0.409,46103,0.0143,0.0452
260319_붓부ver2_캠페인,260319_붓부ver2_세트,260416_붓부ver2_매일 붓는,1079761,36579,300,285,1250,40,16,1116516,1.034,67485,0.0078,0.0561
260319_칼륨ver2_캠페인,260319_칼륨ver2_세트,260416_칼륨ver2_시스템,67025,2064,19,18,17,1,0,0,0.0,,0.0087,0.0
260319_칼륨ver2_캠페인,260319_칼륨ver2_세트,260416_칼륨ver2_라임,140792,3634,53,53,49,2,1,12400,0.088,140792,0.0146,0.0189
260420올영 트래픽_캠페인,260420올영 트래픽_세트,260420올영_트래픽_설인아박스,120291,63518,359,339,273,0,0,0,0.0,,0.0053,0.0
260420올영 트래픽_캠페인,260420올영 트래픽_세트,260420올영_트래픽_설인아 포,410062,137559,1325,1237,1093,0,0,0,0.0,,0.009,0.0
260421_칼륨 전환값_캠페인,260421_칼륨 전환값_세트,260319_칼륨ver2_유산소3시간 체크박스,366172,5811,70,67,516,6,3,116100,0.317,122057,0.0115,0.0448
260421_칼륨 전환값_캠페인,260421_칼륨 전환값_세트,260416_칼륨ver2_시스템,511916,8075,73,67,61,5,4,262900,0.514,127979,0.0083,0.0597
260421_칼륨 전환값_캠페인,260421_칼륨 전환값_세트,260416_칼륨ver2_라임,13092146,222178,2908,2798,11380,331,204,15596158,1.191,64177,0.0126,0.0729
마그네슘_캠페인,260324_마그네슘_세트,260421_마그네슘_오특 38%,2899455,71123,739,696,2754,74,36,2655960,0.916,80540,0.0098,0.0517
260421_PA 구매_캠페인,260421_PA 구매_세트,260421_붓기부스터_PA ziiwooni,1200910,20001,222,182,1261,21,14,1925100,1.603,85779,0.0091,0.0769
260421_PA 구매_캠페인,260421_PA 구매_세트,260421_붓기부스터_PA suexsoo,2182282,33763,605,434,1205,42,24,2208437,1.012,90928,0.0129,0.0553
260421_PA 구매_캠페인,260421_PA 구매_세트,260421_퍼포먼스_PA wooineeee,125302,2731,75,54,50,0,0,0,0.0,,0.0198,0.0
260421_PA 구매_캠페인,260421_PA 구매_세트,260421_퍼포먼스_PA eryukyung,1054253,21100,412,332,622,16,8,572100,0.543,131782,0.0157,0.0241
260421_PA 구매_캠페인,260421_PA 구매_세트,260421_붓기부스터_PA wooinee,332346,5076,246,144,725,9,3,252500,0.76,110782,0.0284,0.0208
260421_PA 구매_캠페인,260421_PA 구매_세트,260421_붓기부스터_PA sophi__ay,80038,1618,29,20,16,3,0,0,0.0,,0.0124,0.0
260420올영 트래픽_캠페인,260420올영 트래픽_세트,260420올영_트래픽_huhsuzi 편집,3186430,265888,10020,9531,7668,0,0,0,0.0,,0.0358,0.0
260422_붓부 전환값_캠페인,260422_붓부 전환값_세트,260408_붓부ver2_핑크,1564,28,0,0,0,0,0,0,0.0,,0.0,
260422_붓부 전환값_캠페인,260422_붓부 전환값_세트,260416_붓부ver2_매일 붓는,98917,1500,9,9,7,1,0,0,0.0,,0.006,0.0
260422_붓부 전환값_캠페인,260422_붓부 전환값_세트,260325_붓부ver2_흰 종이,1052,30,0,0,0,0,0,0,0.0,,0.0,
251128_캠페인,251128_세트,260423_릴스 칼륨_언니들리뷰,3938922,37727,577,556,2762,83,44,3716457,0.944,89521,0.0147,0.0791
260319_붓부ver2_캠페인,260319_붓부ver2_세트,260423_붓부ver2_할인율 릴스,454116,9357,117,111,93,11,5,127800,0.281,90823,0.0119,0.045
생애 첫 구매 붓기_캠페인,생애 첫 구매_세트,250424_생애첫구매_2개 14000,3366976,110621,1982,1928,9927,390,109,2917587,0.867,30890,0.0174,0.0565
트래픽_캠페인,트래픽_세트,251107_붓기부스터_PA ziiwooni_트래픽,2906,221,10,5,3,0,0,0,0.0,,0.0226,0.0
매거진_캠페인,프리매거진_세트,251120_공홈매거진_나트륨과다,10,5,0,0,0,0,0,0,0.0,,0.0,
매거진_캠페인,프리매거진_세트,251120_공홈매거진_나트륨 배출,48569,16966,680,672,2752,0,0,0,0.0,,0.0396,0.0
260421_칼륨 전환값_캠페인,260421_칼륨 전환값_세트,260511_칼륨ver2_라임 붓기쫙,7416261,152152,1694,1603,5390,209,109,9197807,1.24,68039,0.0105,0.068
260421_칼륨 전환값_캠페인,260421_칼륨 전환값_세트,260511_칼륨ver2_라임 붓기제거,920494,15339,186,171,415,23,12,980080,1.065,76708,0.0111,0.0702
마그네슘_캠페인,260324_마그네슘_세트,260511_마그네슘_젖산제거,414331,13299,316,305,990,2,2,36000,0.087,207166,0.0229,0.0066
260319_붓부ver2_캠페인,260319_붓부ver2_세트,260511_붓부ver2_붓기제거 주황,140728,5849,127,130,1067,0,0,0,0.0,,0.0222,0.0
251128_캠페인,251128_세트,260515_칼륨_붓기 쫙빠져요,9511,108,3,2,2,0,0,0,0.0,,0.0185,0.0
251128_캠페인,251128_세트,260515_칼륨_이건꼭사야해,307079,4390,81,79,76,11,2,170500,0.555,153540,0.018,0.0253
260522_5월 행사 전환 값_캠페인,260522_5월 행사_세트,260522_5월 행사 라임 60%,359399,7710,98,93,80,3,2,187200,0.521,179700,0.0121,0.0215
260522_5월 행사 전환 값_캠페인,260522_5월 행사_세트,260522_5월 행사 레트로 60%,959589,23048,331,321,313,13,4,598177,0.623,239897,0.0139,0.0125
260522_5월 행사 전환 값_캠페인,260522_5월 행사_세트,260522_5월 행사 보라 60%,385514,8590,89,84,80,10,5,916790,2.378,77103,0.0098,0.0595
260522_5월 행사 전환 수_캠페인_x,260522_5월 행사 전환 수_세트,260522_5월 행사_레트로 글,516155,9971,152,143,136,15,3,241000,0.467,172052,0.0143,0.021
260522_5월 행사 전환 수_캠페인_x,260522_5월 행사 전환 수_세트,260522_5월 행사_보라 최대할인,75485,1197,15,16,15,2,2,446000,5.908,37742,0.0134,0.125
260522_5월 행사 전환 수_캠페인_x,260522_5월 행사 전환 수_세트,260522_5월 행사_라임 글,138759,2460,30,28,30,1,1,17500,0.126,138759,0.0114,0.0357
260522_5월 행사 전환 수_캠페인_x,260522_5월 행사 전환 수_세트,260522_5월 행사_보라 글,32693,647,5,5,4,1,1,17500,0.535,32693,0.0077,0.2
매거진 구매_캠페인,매거진 구매_세트,260526_릴스 칼륨_멘탈 나간 미선씨,226783,10208,172,161,531,5,4,186200,0.821,56696,0.0158,0.0248
260522_5월 행사 전환 수_캠페인_x,260522_5월 행사 전환 수_세트,260526_5월 행사_설인아픽 물,69995,1264,9,9,8,0,0,0,0.0,,0.0071,0.0
260522_5월 행사 전환 값_캠페인,260522_5월 행사_세트,260526_5월 행사_설인아 60%,55981,1102,14,10,10,5,1,27400,0.489,55981,0.0091,0.1
260522_5월 행사 전환 값_캠페인,260522_5월 행사_세트,260526_5월 행사_에스테틱 60%,1797630,39700,362,333,536,35,19,2377200,1.322,94612,0.0084,0.0571
260522_5월 행사 전환 수_캠페인_x,260522_5월 행사 전환 수_세트,260526_5월 행사_전단지 초록,56671,1006,17,16,17,4,2,168400,2.972,28336,0.0159,0.125
260522_5월 행사 전환 값_캠페인,260522_5월 행사_세트,260526_5월 행사_고객감사 흰배경,666691,11765,167,155,154,17,8,1248110,1.872,83336,0.0132,0.0516
260522_5월 행사 전환 값_캠페인,260522_5월 행사_세트,260526_5월 행사_최대할인 핑크,96056,1625,15,15,15,8,2,531940,5.538,48028,0.0092,0.1333
260522_5월 행사 전환 수_캠페인_x,260522_5월 행사 전환 수_세트,260526_5월 행사_세일 이벤트 핑크,26642,575,6,6,9,0,0,0,0.0,,0.0104,0.0
260522_5월 행사 전환 수_캠페인_x,260522_5월 행사 전환 수_세트,260526_5월 행사_진심 파랑,41278,773,3,3,2,0,0,0,0.0,,0.0039,0.0
260522_5월 행사 전환 수_캠페인_x,260522_5월 행사 전환 수_세트,260526_5월 행사_전단지 보라,10922,182,4,4,4,0,0,0,0.0,,0.022,0.0
260522_5월 행사 전환 수_캠페인,260522_5월 행사 전환 수_세트,260526_5월 행사_전단지 보라,19660,652,4,4,3,0,0,0,0.0,,0.0061,0.0
260522_5월 행사 전환 수_캠페인,260522_5월 행사 전환 수_세트,260526_5월 행사_진심 파랑,231525,6344,66,66,55,5,2,186400,0.805,115762,0.0104,0.0303
260522_5월 행사 전환 수_캠페인,260522_5월 행사 전환 수_세트,260526_5월 행사_세일 이벤트 핑크,255979,7718,113,106,101,5,1,17500,0.068,255979,0.0137,0.0094
260522_5월 행사 전환 수_캠페인,260522_5월 행사 전환 수_세트,260522_5월 행사_보라 최대할인,9419,851,4,4,1,0,0,0,0.0,,0.0047,0.0
260522_5월 행사 전환 수_캠페인,260522_5월 행사 전환 수_세트,260526_5월 행사_전단지 초록,94524,2978,46,46,37,2,1,17500,0.185,94524,0.0154,0.0217
251128_캠페인,251128_세트,260610_칼륨_그라데이션 카드뉴스,111756,2700,20,19,16,1,1,149000,1.333,111756,0.007,0.0526
매거진 구매_캠페인,매거진 구매_세트,260610_칼륨_그라데이션 포,9034664,247098,5857,5669,25198,397,168,9163539,1.014,53778,0.0229,0.0296
매거진 구매_캠페인,매거진 구매_세트,260610_칼륨_그라데이션 박스,9539,280,2,2,1,0,0,0,0.0,,0.0071,0.0
생애 첫 구매 마그네슘_캠페인,생애 첫 구매 마그네슘_세트,260114_생애첫 마그네슘_젖산제거 가격,129225,6351,94,93,575,6,3,63400,0.491,43075,0.0146,0.0323
생애 첫 구매 마그네슘_캠페인,생애 첫 구매 마그네슘_세트,260114_생애첫 마그네슘_근육회복 가격,348122,15303,266,259,1062,32,6,151100,0.434,58020,0.0169,0.0232
251128_캠페인,251128_세트,260611_칼륨_땡땡함 올영픽,258862,4106,27,24,20,4,2,216000,0.834,129431,0.0058,0.0833
260421_칼륨 전환값_캠페인,260421_칼륨 전환값_세트,260611_칼륨ver2_올영픽 검은배경,131496,2833,30,29,25,2,1,103000,0.783,131496,0.0102,0.0345
260612_설문조사_캠페인,260612_설문조사_세트,260612_설문조사_하버드,43050,1598,20,16,14,0,0,0,0.0,,0.01,0.0
260612_설문조사_캠페인,260612_설문조사_세트,260612_설문조사_파랑배경,49860,1888,33,30,65,0,0,0,0.0,,0.0159,0.0
260612_설문조사_캠페인,260612_설문조사_세트,260612_설문조사_보라배경,54035,1876,14,14,12,0,0,0,0.0,,0.0075,0.0
260612_설문조사_캠페인,260612_설문조사_세트,260612_설문조사_핸드폰 파랑,7184150,93521,2703,2597,3415,237,89,7639000,1.063,80721,0.0278,0.0343
생애 첫 구매 붓기_캠페인,생애 첫 구매_세트,260617_생애첫구매_라임 포,14625599,556948,10764,10408,45718,1220,462,11033606,0.754,31657,0.0187,0.0444
생애 첫 구매 붓기_캠페인,생애 첫 구매_세트,260617_생애첫구매_설인아반 흰배경,3167824,109569,2366,2278,10150,289,98,2694900,0.851,32325,0.0208,0.043
생애 첫 구매 붓기_캠페인,생애 첫 구매_세트,260617_생애첫구매_설인아반 파란배경,12927,352,7,6,6,2,0,0,0.0,,0.017,0.0
생애 첫 구매 붓기_캠페인,생애 첫 구매_세트,260617_생애첫구매_설인아완 포,15858,706,2,2,40,0,0,0,0.0,,0.0028,0.0
생애 첫 구매 붓기_캠페인,생애 첫 구매_세트,260617_생애첫구매_설인아완 선글,15242,476,12,11,11,0,0,0,0.0,,0.0231,0.0
생애 첫 구매 붓기_캠페인,생애 첫 구매_세트,260617_생애첫구매_라임 박스,20652,828,13,12,11,1,0,0,0.0,,0.0145,0.0
생애 첫 구매 붓기_캠페인,생애 첫 구매_세트,260617_생애첫구매_설인아완 살구,115778,3421,60,61,53,14,4,115000,0.993,28944,0.0178,0.0656
생애 첫 구매 붓기_캠페인,생애 첫 구매_세트,260617_생애첫구매_설인아 릴스,66948,2944,59,51,991,11,2,35000,0.523,33474,0.0173,0.0392
260612_설문조사_캠페인,260612_설문조사_세트,260623_설문조사_사주1,27952,895,17,17,14,0,0,0,0.0,,0.019,0.0
260612_설문조사_캠페인,260612_설문조사_세트,260623_설문조사_사주2,185451,4195,84,81,72,0,0,0,0.0,,0.0193,0.0
260625_SUMMER V_전환값_캠페인,260625_SUMMER V_전환값1_세트,260625_SUMMER V_100원딜,521737,22040,674,651,651,32,6,468868,0.899,86956,0.0295,0.0092
260625_SUMMER V_전환값_캠페인,260625_SUMMER V_전환값2_세트,260625_SUMMER V_설인아 57%,541670,8552,87,79,76,10,5,591300,1.092,108334,0.0092,0.0633
260625_SUMMER V_전환값_캠페인,260625_SUMMER V_전환값1_세트,260625_SUMMER V_설인아 썸머페스타,544863,10295,116,109,120,6,5,446200,0.819,108973,0.0106,0.0459
260625_SUMMER V_전환값_캠페인,260625_SUMMER V_전환값1_세트,260625_SUMMER V_300만원,95310,1609,18,16,16,1,1,101000,1.06,95310,0.0099,0.0625
260625_SUMMER V_전환값_캠페인,260625_SUMMER V_전환값2_세트,260625_SUMMER V_혜택,83131,2445,11,10,10,2,1,125700,1.512,83131,0.0041,0.1
260625_SUMMER V_전환값_캠페인,260625_SUMMER V_전환값2_세트,260625_SUMMER V_리모와,82230,1332,15,14,12,1,0,0,0.0,,0.0105,0.0
260625_SUMMER V_전환값_캠페인,260625_SUMMER V_전환값2_세트,260625_SUMMER V_칼륨+경품,58332,881,7,7,4,0,0,0,0.0,,0.0079,0.0
260625_SUMMER V_전환값_캠페인,260625_SUMMER V_전환값1_세트,260625_SUMMER V_300만원 - 2,890,3,0,0,0,0,0,0,0.0,,0.0,
260625_SUMMER V_전환값_캠페인,260625_SUMMER V_전환값1_세트,260625_SUMMER V_설인아 썸머페스타 - 2,7948,258,4,4,4,0,0,0,0.0,,0.0155,0.0
260625_SUMMER V_전환값_캠페인,260625_SUMMER V_전환값1_세트,260625_SUMMER V_설인아 썸머페스타 - 3 - 사본,8489,210,2,2,2,0,0,0,0.0,,0.0095,0.0
260625_SUMMER V_전환값_캠페인,260625_SUMMER V_전환값1_세트,260625_SUMMER V_혜택 3종,70057,1427,9,7,8,0,0,0,0.0,,0.0049,0.0
260625_SUMMER V_전환값_캠페인,260625_SUMMER V_전환값1_세트,260625_SUMMER V_리모와 준다고?,51414,918,12,11,12,0,0,0,0.0,,0.012,0.0
260625_SUMMER V_전환값_캠페인,260625_SUMMER V_전환값1_세트,260625_SUMMER V_칼륨+리모와,109845,2326,24,22,21,0,0,0,0.0,,0.0095,0.0
260626_SUMMER V_전환수_캠페인,260626_SUMMER V_전환수1_세트,260626_SUMMER V_티파니색,58889,1412,27,24,20,2,0,0,0.0,,0.017,0.0
260626_SUMMER V_전환수_캠페인,260626_SUMMER V_전환수2_세트,260626_SUMMER V_검정 100원,454950,17940,281,271,258,16,4,285800,0.628,113738,0.0151,0.0148
260626_SUMMER V_전환수_캠페인,260626_SUMMER V_전환수1_세트,260626_SUMMER V_연두색,294834,8892,95,88,123,8,5,702160,2.382,58967,0.0099,0.0568
260626_SUMMER V_전환수_캠페인,260626_SUMMER V_전환수1_세트,260626_SUMMER V_57% 노랑,123547,4700,37,34,43,1,1,100000,0.809,123547,0.0072,0.0294
260626_SUMMER V_전환수_캠페인,260626_SUMMER V_전환수2_세트,260626_SUMMER V_오타아닙니다,2568542,83435,1085,1029,1177,88,35,3484100,1.356,73387,0.0123,0.034
260626_SUMMER V_전환수_캠페인,260626_SUMMER V_전환수1_세트,260626_SUMMER V_언니들,1105461,30721,243,226,196,23,12,1359980,1.23,92122,0.0074,0.0531
260626_SUMMER V_전환수_캠페인,260626_SUMMER V_전환수1_세트,260626_SUMMER V_설인아 미스테리,43448,1681,13,11,9,0,0,0,0.0,,0.0065,0.0
260625_SUMMER V_전환값_캠페인,260625_SUMMER V_전환값1_세트,260625_SUMMER V_설인아 찾게될껄,594169,10866,126,110,107,17,5,397100,0.668,118834,0.0101,0.0455
260625_SUMMER V_전환값_캠페인,260625_SUMMER V_전환값2_세트,260625_SUMMER V_백원딜딜,1827418,30889,297,280,273,38,20,1634040,0.894,91371,0.0091,0.0714
260626_SUMMER V_전환수_캠페인,260626_SUMMER V_전환수2_세트,260626_SUMMER V_바캉스,50132,1727,14,12,10,0,0,0,0.0,,0.0069,0.0
260626_SUMMER V_전환수_캠페인,260629_SUMMER V_전환수3_세트,260629_SUMMER V_100원딜,54547,1413,21,21,21,0,0,0,0.0,,0.0149,0.0
260626_SUMMER V_전환수_캠페인,260629_SUMMER V_전환수3_세트,260629_SUMMER V_영수증,45325,1134,8,8,15,0,0,0,0.0,,0.0071,0.0
260626_SUMMER V_전환수_캠페인,260629_SUMMER V_전환수3_세트,260629_SUMMER V_붓기 이별,66711,1286,17,17,17,2,0,0,0.0,,0.0132,0.0
260626_SUMMER V_전환수_캠페인,260629_SUMMER V_전환수3_세트,260629_SUMMER V_비밀링크,1290216,30691,316,291,374,43,17,1691290,1.311,75895,0.0095,0.0584
260626_SUMMER V_전환수_캠페인,260629_SUMMER V_전환수3_세트,260629_SUMMER V_특가 릴스,147578,3656,37,32,30,5,1,100000,0.678,147578,0.0088,0.0312
260626_SUMMER V_전환수_캠페인,260626_SUMMER V_전환수2_세트,260702_SUMMER V_넾다st,176023,4123,66,62,108,3,1,100900,0.573,176023,0.015,0.0161
260626_SUMMER V_전환수_캠페인,260626_SUMMER V_전환수2_세트,260702_SUMMER V_슬롯,38437,1086,11,10,40,0,0,0,0.0,,0.0092,0.0
260703_물살/가짜살_캠페인,260703_물살/가짜살_세트,260703_물살/가짜살_물살,268361,3318,87,85,77,3,2,106400,0.396,134180,0.0256,0.0235
260703_물살/가짜살_캠페인,260703_물살/가짜살_세트,260703_물살/가짜살_가짜살,98475,1188,28,28,24,1,1,96000,0.975,98475,0.0236,0.0357
251128_캠페인,251128_세트,060703_칼륨_아이돌 스케줄,521955,2898,66,64,58,9,5,339000,0.649,104391,0.0221,0.0781
251128_캠페인,251128_세트,260708_칼륨 PA_Angmondxx,205556,3698,73,70,69,5,1,147200,0.716,205556,0.0189,0.0143
260319_붓부ver2_캠페인,260319_붓부ver2_세트,260710_칼륨PA_rubychoux,608663,23024,933,231,3051,7,6,481870,0.792,101444,0.01,0.026
260319_붓부ver2_캠페인,260319_붓부ver2_세트,260710_붓부ver2_붓기 쏙,4463683,109912,1046,984,4617,102,56,4642330,1.04,79709,0.009,0.0569
251128_캠페인,251128_세트,260713_칼륨 PA_eunichu,403907,5307,85,78,74,12,3,314000,0.777,134636,0.0147,0.0385
260319_붓부ver2_캠페인,260319_붓부ver2_세트,260710_붓부ver2_ZEN조합,130886,2904,40,37,27,3,0,0,0.0,,0.0127,0.0
260319_붓부ver2_캠페인,260319_붓부ver2_세트,260710_붓부ver2_니가가라하와이,190177,5267,62,59,52,2,0,0,0.0,,0.0112,0.0
매거진 구매_캠페인,매거진 구매_세트,260716_칼륨_여름맞이,21122,520,10,9,12,2,1,17500,0.829,21122,0.0173,0.1111
매거진 구매_캠페인,매거진 구매_세트,260716_칼륨_웰니스,34557,782,16,16,14,1,0,0,0.0,,0.0205,0.0
마그네슘_캠페인,260324_마그네슘_세트,260327_마그네슘_휴식도 운련입니다,49411,1875,29,26,24,0,0,0,0.0,,0.0139,0.0
마그네슘_캠페인,260324_마그네슘_세트,260327_마그네슘_회복도 훈련이다_콜드플런지,77662,2685,39,34,128,0,0,0,0.0,,0.0127,0.0
260612_설문조사_캠페인,260612_설문조사_세트,260612_설문조사_핸드폰 파랑_필요한거만,193671,2588,27,27,22,1,0,0,0.0,,0.0104,0.0
260612_설문조사_캠페인,260612_설문조사_세트,260612_설문조사_나한테도 좋을까_zen,7723,102,2,2,1,0,0,0,0.0,,0.0196,0.0
260612_설문조사_캠페인,260612_설문조사_세트,"260612_설문조사_남들이 좋다는 영양제, 나에게도 좋을까?",14687,276,1,1,1,0,0,0,0.0,,0.0036,0.0
260612_설문조사_캠페인,260612_설문조사_세트,260612_설문조사_핸드폰 파랑 - 사본,31545,462,8,7,6,0,0,0,0.0,,0.0152,0.0
마그네슘_캠페인,260324_마그네슘_세트,260327_마그네슘_40대여성 필수,255373,8273,126,116,438,5,2,165000,0.646,127686,0.014,0.0172
마그네슘_캠페인,260324_마그네슘_세트,260327_마그네슘_하루의 긴장,140810,4099,45,38,304,4,2,85500,0.607,70405,0.0093,0.0526
251128_캠페인,251128_세트,0722_칼륨_붓기없는 여름나기,588096,8338,93,82,880,12,8,820940,1.396,73512,0.0098,0.0976
251128_캠페인,251128_세트,260724_칼륨PA_rubychoux,268027,5433,159,45,1623,2,0,0,0.0,,0.0083,0.0
트래픽_캠페인,트래픽_세트,260724_칼륨_PA rubychoux,2845698,467187,35493,22754,213973,3,0,0,0.0,,0.0487,0.0
매거진 구매_캠페인,매거진 구매_세트,260723_칼륨_붓없하,2354,54,0,0,0,0,0,0,0.0,,0.0,
251128_캠페인,251128_세트,260724_칼륨_얼굴형,3797449,60779,581,531,931,73,42,3143656,0.828,90415,0.0087,0.0791
260319_붓부ver2_캠페인,260319_붓부ver2_세트,260803_붓부ver2_나트륨 싹,1546472,35792,345,325,274,27,20,1610653,1.042,77324,0.0091,0.0615
260421_칼륨 전환값_캠페인,260421_칼륨 전환값_세트,260803_칼륨ver2_붓기없는 아침,16112,240,1,1,1,0,0,0,0.0,,0.0042,0.0
260612_설문조사_캠페인,260612_설문조사_세트,260803_설문조사_먹는 시술 방지턱,49421,646,11,11,10,4,1,149000,3.015,49421,0.017,0.0909
260612_설문조사_캠페인,260612_설문조사_세트,260803_설문조사_먹는 시술,90399,1051,13,11,7,0,0,0,0.0,,0.0105,0.0
브랜딩_캠페인,브랜딩_세트,260805_유산소 3시간효과,6440,873,38,38,32,0,0,0,0.0,,0.0435,0.0
브랜딩_캠페인,브랜딩_세트,260805_유산소 3시간효과 - 원본이미지,441347,60133,2880,2715,2267,17,0,0,0.0,,0.0451,0.0
브랜딩_캠페인,브랜딩_세트,260805_마그네슘 원본이미지,347945,61627,2280,2208,1814,3,0,0,0.0,,0.0358,0.0
251128_캠페인,251128_세트,260814_칼륨_양말 붓기,764708,10907,126,122,105,21,10,861147,1.126,76471,0.0112,0.082
260612_설문조사_캠페인,260612_설문조사_세트,260814_설문조사_붓기에 좋은 행동,149597,3046,52,48,37,2,2,55900,0.374,74798,0.0158,0.0417
매거진 구매_캠페인,매거진 구매_세트,260814_칼륨_붓기 다리 전후,5586,98,1,1,1,0,0,0,0.0,,0.0102,0.0
매거진 구매_캠페인,매거진 구매_세트,260814_칼륨_짠음식 먹은 다음날,3733,110,1,1,1,0,0,0,0.0,,0.0091,0.0
생애 첫 구매 붓기_캠페인,생애 첫 구매_세트,260814_생애첫구매_고냥이,618845,17013,345,329,767,52,19,541107,0.874,32571,0.0193,0.0578
260421_칼륨 전환값_캠페인,260421_칼륨 전환값_세트,260814_칼륨ver2_붓기만큼 가격도,168795,2499,53,50,48,2,1,68000,0.403,168795,0.02,0.02
생애 첫 구매 붓기_캠페인,생애 첫 구매_세트,260814_생애첫구매_보정어플,143812,3350,65,61,52,6,2,35000,0.243,71906,0.0182,0.0328
260612_설문조사_캠페인,260612_설문조사_세트,260814_설문조사_헤어지자고,3881,72,1,1,1,0,0,0,0.0,,0.0139,0.0
260612_설문조사_캠페인,260612_설문조사_세트,260814_설문조사_트렌디한 붓기제거,42065,601,9,9,7,1,0,0,0.0,,0.015,0.0
260817_마그네슘 이벤트_캠페인,260817_마그네슘 이벤트_세트,260817_마그네슘 이벤트_53% 얼음,271117,5147,52,50,44,3,1,169700,0.626,271117,0.0097,0.02
260817_마그네슘 이벤트_캠페인,260817_마그네슘 이벤트_세트,260817_마그네슘 이벤트_트리플 혜택,27107,404,7,8,5,0,0,0,0.0,,0.0198,0.0
260817_마그네슘 이벤트_캠페인,260817_마그네슘 이벤트_세트,260817_마그네슘 이벤트_혜택 3개,43129,805,5,5,7,0,0,0,0.0,,0.0062,0.0
260817_마그네슘 이벤트_캠페인,260817_마그네슘 이벤트_세트,260817_마그네슘 이벤트_푹 자고싶다면,61553,980,18,16,17,0,0,0,0.0,,0.0163,0.0
260817_마그네슘 이벤트_캠페인,260817_마그네슘 이벤트_세트,260817_마그네슘 이벤트_단독특가 시작,232232,3378,45,43,35,7,3,253410,1.091,77411,0.0127,0.0698
260612_설문조사_캠페인,260612_설문조사_세트,260820_설문조사_카드뉴스,341630,4864,58,54,47,1,1,56440,0.165,341630,0.0111,0.0185
260612_설문조사_캠페인,260612_설문조사_세트,260820_설문조사_왜냐면,656501,19108,412,379,1332,4,1,97000,0.148,656501,0.0198,0.0026
260612_설문조사_캠페인,260612_설문조사_세트,260820_설문조사_그래프,184686,2528,42,40,40,0,0,0,0.0,,0.0158,0.0
260612_설문조사_캠페인,260612_설문조사_세트,260820_설문조사_서랍정리,562561,7927,144,138,127,4,0,0,0.0,,0.0174,0.0
260612_설문조사_캠페인,260612_설문조사_세트,260820_설문조사_싸그리다구리,868229,10109,274,264,234,13,5,326100,0.376,173646,0.0261,0.0189
251128_캠페인,251128_세트,260724_칼륨_딸,61309,928,24,23,22,0,0,0,0.0,,0.0248,0.0
251128_캠페인,251128_세트,260724_칼륨_입점,97011,1287,30,29,20,2,2,298000,3.072,48506,0.0225,0.069
251128_캠페인,251128_세트,260724_칼륨_검증,219993,3065,61,57,48,5,3,169450,0.77,73331,0.0186,0.0526
AI_AD,칼륨_테스트,260902_메커니즘_스틱콜아웃_v3,18578,349,2,2,2,0,0,0,0.0,,0.0057,0.0
AI_AD,칼륨_테스트,260902_등가_유산소3h_vs_칼륨1포_v3,17673,306,9,10,9,2,0,0,0.0,,0.0327,0.0
AI_AD,칼륨_테스트,260902_증거_리뷰카드_손발붓기_v2,12537,192,5,5,4,2,1,38400,3.063,12537,0.026,0.2
AI_AD,마그네슘_테스트,260902_mg_메커니즘_스틱콜아웃_v1,17635,304,3,3,200,0,0,0,0.0,,0.0099,0.0
AI_AD,마그네슘_테스트,260902_mg_등가_얼음물60분_vs_마그네주1포_v2,13814,285,11,9,8,3,1,153000,11.076,13814,0.0316,0.1111
AI_AD,마그네슘_테스트,260902_mg_증거_리뷰카드_운동후숙면_v1,10051,179,5,4,3,1,1,72000,7.163,10051,0.0223,0.25
AI_AD,칼륨_테스트,260903_증거_리뷰카드_붓기빠짐_v1,6608,155,2,2,2,1,1,65840,9.964,6608,0.0129,0.5
AI_AD,마그네슘_테스트,260903_mg_숙면_잠들기10초전_v1,1994,38,0,0,0,0,0,0,0.0,,0.0,
AI_AD,비타민B_테스트,260903_b_메커니즘_활력전환_v2,16496,286,5,5,4,0,0,0,0.0,,0.0175,0.0
AI_AD,비타민B_테스트,260903_b_등가_커피6000vs한포1900_v2,2493,53,0,0,0,0,0,0,0.0,,0.0,
AI_AD,비타민B_테스트,260903_b_루틴_오후3시_v2,9325,138,6,6,3,1,0,0,0.0,,0.0435,0.0
